PheWAS_Category	Ethnicity	Description	Data_Field	Independent_Var	Samples	-log(p)	p-val	beta	std_error	Category	Gene
example	White	Calcium	f.30680.0.0	rs6426192_2	789/969	111.09944935863082	7.9533600112538645e-112	0.9342803925790708	0.019437955669725	Blood biochemistry	DDX11L1, DDX11L17
example	White	Total protein	f.30860.0.0	rs6426192_2	787/969	88.77006160529878	1.6980027712347886e-89	29.18001763042658	0.7923039138638658	Blood biochemistry	DDX11L1, DDX11L17
example	White	Albumin	f.30600.0.0	rs6426192_2	785/969	85.18466053124641	6.536412754399735e-86	18.40202680468025	0.5299620429647742	Blood biochemistry	DDX11L1, DDX11L17
example	White	Phosphate	f.30810.0.0	rs6426192_2	780/969	40.16908490352139	6.77509043282657e-41	0.4586400043463868	0.027042292261385	Blood biochemistry	DDX11L1, DDX11L17
example	White	Apolipoprotein A	f.30630.0.0	rs6426192_2	777/969	26.7953990425498	1.6017729582076922e-27	0.6179952224813157	0.0488106675245724	Blood biochemistry	DDX11L1, DDX11L17
example	White	Cholesterol	f.30690.0.0	rs6426192_2	860/969	24.82919884395303	1.4818394620144922e-25	2.4707054751589927	0.2080157310851119	Blood biochemistry	DDX11L1, DDX11L17
example	White	Cystatin C	f.30720.0.0	rs6426192_2	860/969	22.14328502361365	7.189769649312441e-23	0.3635385992274804	0.0328420074362973	Blood biochemistry	DDX11L1, DDX11L17
example	White	Urea	f.30670.0.0	rs6426192_2	863/969	21.055157353533648	8.807297092908277e-22	2.400597975171919	0.2248168691044422	Blood biochemistry	DDX11L1, DDX11L17
example	White	Glycated haemoglobin (HbA1c)	f.30750.0.0	rs6426192_2	854/969	20.711691161890165	1.942266582926993e-21	12.52106403609324	1.184339267990754	Blood biochemistry	DDX11L1, DDX11L17
example	White	Glucose	f.30740.0.0	rs6426192_2	781/969	18.544327745399	2.8554348428378133e-19	2.077479680077418	0.2082009015362268	Blood biochemistry	DDX11L1, DDX11L17
example	White	LDL direct	f.30780.0.0	rs6426192_2	859/969	17.783285939981464	1.6470775966842486e-18	1.4807196732946797	0.154308810165456	Blood biochemistry	DDX11L1, DDX11L17
example	White	Urate	f.30880.0.0	rs6426192_2	860/969	15.379607426011358	4.172463766653832e-16	123.89219852675504	14.09991263438	Blood biochemistry	DDX11L1, DDX11L17
example	White	Apolipoprotein B	f.30640.0.0	rs6426192_2	854/969	14.705704213342074	1.9692270223110414e-15	0.3736620490653554	0.0437302107700725	Blood biochemistry	DDX11L1, DDX11L17
example	White	HDL cholesterol	f.30760.0.0	rs6426192_2	782/969	13.635116449563556	2.3167733585852163e-14	0.587024525356262	0.0709996989890787	Blood biochemistry	DDX11L1, DDX11L17
example	White	Creatinine	f.30700.0.0	rs6426192_2	862/969	13.402390879888156	3.959215309271253e-14	26.35895622232496	3.264493264018544	Blood biochemistry	DDX11L1, DDX11L17
example	White	IGF-1	f.30770.0.0	rs6426192_2	854/969	12.26438918190506	5.440149292636075e-13	8.194541133300046	1.0665778870619844	Blood biochemistry	DDX11L1, DDX11L17
example	White	Alkaline phosphatase	f.30610.0.0	rs6426192_2	859/969	10.85276954412801	1.403558297135146e-11	28.14128437668688	3.950239027665861	Blood biochemistry	DDX11L1, DDX11L17
example	White	Aspartate aminotransferase	f.30650.0.0	rs6426192_2	859/969	9.172053892559846	6.728931503085033e-10	10.593734600627174	1.6405778794557486	Blood biochemistry	DDX11L1, DDX11L17
example	White	Direct bilirubin	f.30660.0.0	rs6426192_2	766/969	7.168948279697364	6.777222130129429e-08	0.8178594647603928	0.1458354091225238	Blood biochemistry	DDX11L1, DDX11L17
example	White	Vitamin D	f.30890.0.0	rs6426192_2	819/969	5.295664978757126	5.062150132361488e-06	18.70566694580299	3.991446592328861	Blood biochemistry	DDX11L1, DDX11L17
example	White	SHBG	f.30830.0.0	rs6426192_2	775/969	5.079831683403254	8.320861946791845e-06	25.20488425631111	5.499084716172921	Blood biochemistry	DDX11L1, DDX11L17
example	White	Alanine aminotransferase	f.30620.0.0	rs6426192_2	860/969	3.6434944852165927	0.0002272508491986	9.546530725312106	2.547597466448904	Blood biochemistry	DDX11L1, DDX11L17
example	White	Total bilirubin	f.30840.0.0	rs6426192_2	859/969	3.569544136365708	0.0002694361496572	2.832156893468955	0.7651085288652213	Blood biochemistry	DDX11L1, DDX11L17
example	White	Testosterone	f.30850.0.0	rs6426192_2	770/969	3.022472022445846	0.0009495721693348	3.806881561466856	1.133979381001446	Blood biochemistry	DDX11L1, DDX11L17
example	White	Triglycerides	f.30870.0.0	rs6426192_2	861/969	2.127377549428171	0.0074580012286459	0.4426014634657751	0.1638980721997783	Blood biochemistry	DDX11L1, DDX11L17
example	White	Gamma glutamyltransferase	f.30730.0.0	rs6426192_2	858/969	1.255987742733805	0.055464136660128	12.92756292050622	6.713603554274261	Blood biochemistry	DDX11L1, DDX11L17
example	White	C-reactive protein	f.30710.0.0	rs6426192_2	861/969	0.7593834756576493	0.1740269562281251	1.0472654378482007	0.7679627130334635	Blood biochemistry	DDX11L1, DDX11L17
example	White	Lipoprotein A	f.30790.0.0	rs6426192_2	692/969	0.2722570596770537	0.5342480434241383	-5.398824712485154	8.66836993847004	Blood biochemistry	DDX11L1, DDX11L17
